[
	{
		"id": 1,
		"album": {
			"id": 1,
			"coverImg": "1.png",
			"title": "Beerbongs & Bentleys"
		},
		"artist": {
			"id": 1,
			"name": "Post Malone",
			"img": "1.jpeg"
		},
		"title": "Rockstar",
		"source": "1.mp3"
	},
	{
		"id": 2,
		"album": {
			"id": 2,
			"coverImg": "2.png",
			"title": "Bodak Yellow"
		},
		"artist": {
			"id": 2,
			"name": "Cardi B",
			"img": "2.jpg"
		},
		"title": "Bodak Yellow",
		"source": "2.mp3"
	},
	{
		"id": 3,
		"album": {
			"id": 3,
			"coverImg": "3.png",
			"title": "Everybody"
		},
		"artist": {
			"id": 3,
			"name": "Logic",
			"img": "3.jpg"
		},
		"title": "1-800-273-8255",
		"source": "3.mp3"
	},
	{
		"id": 4,
		"album": {
			"id": 4,
			"coverImg": "4.png",
			"title": "Woodstock"
		},
		"artist": {
			"id": 4,
			"name": "Portugal",
			"img": "4.jpg"
		},
		"title": "Feel It Still",
		"source": "4.mp3"
	},
	{
		"id": 5,
		"album": {
			"id": 5,
			"coverImg": "5.png",
			"title": "Evolve"
		},
		"artist": {
			"id": 5,
			"name": "Imagine Dragons",
			"img": "5.jpg"
		},
		"title": "Thunder",
		"source": "5.mp3"
	},
	{
		"id": 6,
		"album": {
			"id": 6,
			"coverImg": "6.png",
			"title": "Tell Me You Love Me"
		},
		"artist": {
			"id": 6,
			"name": "Demi Lovato",
			"img": "6.jpg"
		},
		"title": "Sorry Not Sorry",
		"source": "6.mp3"
	},
	{
		"id": 7,
		"album": {
			"id": 7,
			"coverImg": "7.png",
			"title": "Camila"
		},
		"artist": {
			"id": 7,
			"name": "Camila Cabello",
			"img": "7.jpg"
		},
		"title": "Havana",
		"source": "7.mp3"
	},
	{
		"id": 8,
		"album": {
			"id": 8,
			"coverImg": "8.png",
			"title": "Vibras"
		},
		"artist": {
			"id": 8,
			"name": "J Balvin",
			"img": "8.jpg"
		},
		"title": "Mi Gente",
		"source": "8.mp3"
	},
	{
		"id": 9,
		"album": {
			"id": 9,
			"coverImg": "9.png",
			"title": "The Thrill of It All"
		},
		"artist": {
			"id": 9,
			"name": "Sam Smith",
			"img": "9.jpeg"
		},
		"title": "Too Good at Goodbyes",
		"source": "9.mp3"
	},
	{
		"id": 10,
		"album": {
			"id": 10,
			"coverImg": "10.png",
			"title": "+"
		},
		"artist": {
			"id": 10,
			"name": "Ed Sheeran",
			"img": "10.jpg"
		},
		"title": "Perfect",
		"source": "10.mp3"
	}
]